﻿<?xml version="1.0" encoding="UTF-8"?>
<Clients>
	<Client>
		<UID>44fdfa3b-9d9d-11e1-aa8f-00163e791aa4</UID>
		<Code>5517</Code>
		<Name>Штанов Сергей (Полтава)</Name>
		<Login>k5517</Login>
		<MutualSettlements>-3,75 грн.</MutualSettlements>
		<PDZ>-3,75 грн.</PDZ>
		<TypesOfPrices>
			<PriceTypePriceGroup>
				<PriceGroupUID>7b1165c1-627c-11e3-9c4d-00163e6b9045</PriceGroupUID>
				<PriceTypeUID>d36bad42-237c-4139-a005-9b132e480fbb</PriceTypeUID>
			</PriceTypePriceGroup>
			<PriceTypePriceGroup>
				<PriceGroupUID>7b1165c2-627c-11e3-9c4d-00163e6b9045</PriceGroupUID>
				<PriceTypeUID>d36bad42-237c-4139-a005-9b132e480fbb</PriceTypeUID>
			</PriceTypePriceGroup>
			<PriceTypePriceGroup>
				<PriceGroupUID>7b1165c3-627c-11e3-9c4d-00163e6b9045</PriceGroupUID>
				<PriceTypeUID>d36bad42-237c-4139-a005-9b132e480fbb</PriceTypeUID>
			</PriceTypePriceGroup>
			<PriceTypePriceGroup>
				<PriceGroupUID>819d9933-6910-11e3-9c4d-00163e6b9045</PriceGroupUID>
				<PriceTypeUID>d36bad42-237c-4139-a005-9b132e480fbb</PriceTypeUID>
			</PriceTypePriceGroup>
			<PriceTypePriceGroup>
				<PriceGroupUID>303d0da8-4adb-11e3-ace2-00163e21d963</PriceGroupUID>
				<PriceTypeUID>d36bad42-237c-4139-a005-9b132e480fbb</PriceTypeUID>
			</PriceTypePriceGroup>
			<PriceTypePriceGroup>
				<PriceGroupUID>9a09cf0c-1604-11e5-bcd2-0025909a3c49</PriceGroupUID>
				<PriceTypeUID>d36bad42-237c-4139-a005-9b132e480fbb</PriceTypeUID>
			</PriceTypePriceGroup>
			<PriceTypePriceGroup>
				<PriceGroupUID>39ff90e0-55fa-11e5-bd19-0025909a3c49</PriceGroupUID>
				<PriceTypeUID>d36bad42-237c-4139-a005-9b132e480fbb</PriceTypeUID>
			</PriceTypePriceGroup>
		</TypesOfPrices>
		<Discounts/>
	</Client>
	<Client>
		<UID>45ae086a-de58-4a48-b00e-36a8d7c26c9f</UID>
		<Code>6731</Code>
		<Name>Автозапчасть-Полессе ТД ООО (Житомир)</Name>
		<Login>k6731</Login>
		<MutualSettlements>0 грн.</MutualSettlements>
		<PDZ>0 грн.</PDZ>
		<TypesOfPrices>
			<PriceTypeNomenclatureGroup>
				<NomenclatureGroupUID>57f6a2e6-3179-11e3-8929-00163e502eec</NomenclatureGroupUID>
				<PriceTypeUID>4d0e6bf4-7494-4f0c-8835-f5b211e95e95</PriceTypeUID>
			</PriceTypeNomenclatureGroup>
			<PriceTypeNomenclatureGroup>
				<NomenclatureGroupUID>64267029-fdbf-11e2-9713-00163e1157e0</NomenclatureGroupUID>
				<PriceTypeUID>4d0e6bf4-7494-4f0c-8835-f5b211e95e95</PriceTypeUID>
			</PriceTypeNomenclatureGroup>
			<PriceTypeNomenclatureGroup>
				<NomenclatureGroupUID>6426703c-fdbf-11e2-9713-00163e1157e0</NomenclatureGroupUID>
				<PriceTypeUID>4d0e6bf4-7494-4f0c-8835-f5b211e95e95</PriceTypeUID>
			</PriceTypeNomenclatureGroup>
			<PriceTypeNomenclatureGroup>
				<NomenclatureGroupUID>42cbd142-5720-11e1-a7ab-bcaec52cc535</NomenclatureGroupUID>
				<PriceTypeUID>4d0e6bf4-7494-4f0c-8835-f5b211e95e95</PriceTypeUID>
			</PriceTypeNomenclatureGroup>
			<PriceTypeNomenclatureGroup>
				<NomenclatureGroupUID>42cbd144-5720-11e1-a7ab-bcaec52cc535</NomenclatureGroupUID>
				<PriceTypeUID>4d0e6bf4-7494-4f0c-8835-f5b211e95e95</PriceTypeUID>
			</PriceTypeNomenclatureGroup>
			<PriceTypePriceGroup>
				<PriceGroupUID>7b1165c1-627c-11e3-9c4d-00163e6b9045</PriceGroupUID>
				<PriceTypeUID>4d0e6bf4-7494-4f0c-8835-f5b211e95e95</PriceTypeUID>
			</PriceTypePriceGroup>
			<PriceTypePriceGroup>
				<PriceGroupUID>7b1165c2-627c-11e3-9c4d-00163e6b9045</PriceGroupUID>
				<PriceTypeUID>d36bad42-237c-4139-a005-9b132e480fbb</PriceTypeUID>
			</PriceTypePriceGroup>
			<PriceTypePriceGroup>
				<PriceGroupUID>7b1165c3-627c-11e3-9c4d-00163e6b9045</PriceGroupUID>
				<PriceTypeUID>4d0e6bf4-7494-4f0c-8835-f5b211e95e95</PriceTypeUID>
			</PriceTypePriceGroup>
			<PriceTypePriceGroup>
				<PriceGroupUID>819d9933-6910-11e3-9c4d-00163e6b9045</PriceGroupUID>
				<PriceTypeUID>4d0e6bf4-7494-4f0c-8835-f5b211e95e95</PriceTypeUID>
			</PriceTypePriceGroup>
			<PriceTypePriceGroup>
				<PriceGroupUID>303d0da8-4adb-11e3-ace2-00163e21d963</PriceGroupUID>
				<PriceTypeUID>4d0e6bf4-7494-4f0c-8835-f5b211e95e95</PriceTypeUID>
			</PriceTypePriceGroup>
			<PriceTypePriceGroup>
				<PriceGroupUID>9a09cf0c-1604-11e5-bcd2-0025909a3c49</PriceGroupUID>
				<PriceTypeUID>d36bad42-237c-4139-a005-9b132e480fbb</PriceTypeUID>
			</PriceTypePriceGroup>
			<PriceTypePriceGroup>
				<PriceGroupUID>39ff90e0-55fa-11e5-bd19-0025909a3c49</PriceGroupUID>
				<PriceTypeUID>4d0e6bf4-7494-4f0c-8835-f5b211e95e95</PriceTypeUID>
			</PriceTypePriceGroup>
		</TypesOfPrices>
		<Discounts>
			<Rate>-5</Rate>
			<Nomenclature>
				<UID>ef2b8e4e-101d-4247-80e4-2e2edae24b9b</UID>
				<UID>440833f7-ed26-4475-8110-44f532694342</UID>
				<UID>85215b6b-6412-4804-81e8-5bbf5376de0e</UID>
				<UID>7fb0dfcd-2717-4ef1-81fb-4bc3c0d4241b</UID>
				<UID>2cc4e42e-5bf8-484c-8221-4d4ebbc8fbe3</UID>
				<UID>61c63928-299d-4e22-827f-1961d982f998</UID>
				<UID>a439edfb-9033-4f10-8313-1f7699908a09</UID>
				<UID>cb6133a7-373c-45dc-8347-a77abfe7a2fa</UID>
				<UID>eaefa718-dcee-4a56-8357-780e22bec6ee</UID>
				<UID>371dcc72-6187-4543-83a6-5935ba677482</UID>
				<UID>4b05198d-f50b-4009-83c0-e7acd91a1223</UID>
				<UID>c3bb5993-1405-4f85-84ab-c71cb2231bac</UID>
				<UID>cc1828d1-8118-477a-852b-5f6fed0ac53c</UID>
				<UID>168eddeb-b984-11df-8546-406186c674ef</UID>
				<UID>168edded-b984-11df-8546-406186c674ef</UID>
				<UID>a012850b-529f-4a69-85c4-f293f68aff40</UID>
				<UID>36411fa3-fd4b-4558-8633-9c4199e27d6a</UID>
				<UID>a8513fb4-2f1f-4cdb-8713-799b4b15dd5d</UID>
				<UID>e3ff7dd6-67c5-4d78-878c-f7f4c70c1122</UID>
				<UID>6fd4c114-a1e3-450a-8973-ef799b818934</UID>
				<UID>9f8894f1-97d1-4bea-899f-53ffae9e4ab2</UID>
				<UID>96f83e77-f52f-11de-89a0-00248c1ddd9c</UID>
				<UID>96f83fa7-f52f-11de-89a0-00248c1ddd9c</UID>
				<UID>96f83fab-f52f-11de-89a0-00248c1ddd9c</UID>
				<UID>96f83fad-f52f-11de-89a0-00248c1ddd9c</UID>
				<UID>9cf2e467-f52f-11de-89a0-00248c1ddd9c</UID>
				<UID>9cf2e469-f52f-11de-89a0-00248c1ddd9c</UID>
				<UID>9cf2e59f-f52f-11de-89a0-00248c1ddd9c</UID>
				<UID>9cf2e5a1-f52f-11de-89a0-00248c1ddd9c</UID>
				<UID>9cf2e5a7-f52f-11de-89a0-00248c1ddd9c</UID>
				<UID>9cf2e5b1-f52f-11de-89a0-00248c1ddd9c</UID>
				<UID>9cf2e5b5-f52f-11de-89a0-00248c1ddd9c</UID>
				<UID>9cf2e5bb-f52f-11de-89a0-00248c1ddd9c</UID>
				<UID>9cf2e64d-f52f-11de-89a0-00248c1ddd9c</UID>
				<UID>9cf2e64f-f52f-11de-89a0-00248c1ddd9c</UID>
				<UID>9cf2e657-f52f-11de-89a0-00248c1ddd9c</UID>
				<UID>9cf2e659-f52f-11de-89a0-00248c1ddd9c</UID>
				<UID>9cf2e65f-f52f-11de-89a0-00248c1ddd9c</UID>
				<UID>9cf2e665-f52f-11de-89a0-00248c1ddd9c</UID>
				<UID>9cf2e667-f52f-11de-89a0-00248c1ddd9c</UID>
				<UID>9cf2e669-f52f-11de-89a0-00248c1ddd9c</UID>
				<UID>9cf2e66b-f52f-11de-89a0-00248c1ddd9c</UID>
				<UID>a326c2f6-f52f-11de-89a0-00248c1ddd9c</UID>
				<UID>a326c2f8-f52f-11de-89a0-00248c1ddd9c</UID>
				<UID>a974d8ce-f52f-11de-89a0-00248c1ddd9c</UID>
				<UID>a974d8d0-f52f-11de-89a0-00248c1ddd9c</UID>
				<UID>a974d8d2-f52f-11de-89a0-00248c1ddd9c</UID>
				<UID>a974d8d4-f52f-11de-89a0-00248c1ddd9c</UID>
				<UID>a974d8d6-f52f-11de-89a0-00248c1ddd9c</UID>
				<UID>a974d8da-f52f-11de-89a0-00248c1ddd9c</UID>
				<UID>a974d8dc-f52f-11de-89a0-00248c1ddd9c</UID>
				<UID>a974d8de-f52f-11de-89a0-00248c1ddd9c</UID>
				<UID>a974d8e0-f52f-11de-89a0-00248c1ddd9c</UID>
				<UID>a974d8e2-f52f-11de-89a0-00248c1ddd9c</UID>
				<UID>a974d9c2-f52f-11de-89a0-00248c1ddd9c</UID>
				<UID>a974d9c4-f52f-11de-89a0-00248c1ddd9c</UID>
				<UID>a974d9c6-f52f-11de-89a0-00248c1ddd9c</UID>
				<UID>a974dab8-f52f-11de-89a0-00248c1ddd9c</UID>
				<UID>afb240b0-f52f-11de-89a0-00248c1ddd9c</UID>
				<UID>afb240b4-f52f-11de-89a0-00248c1ddd9c</UID>
				<UID>b5f9bb78-62f1-49e0-8a30-82e3a5b55c87</UID>
				<UID>632a6293-2c27-4feb-8a89-ccd772e372a6</UID>
				<UID>071192a4-13b6-465f-8a9f-0c46c9d1f0c0</UID>
				<UID>9dbcee79-c199-4742-8ac0-dbaba35e1b9b</UID>
				<UID>7100fccb-557b-4521-8ada-ea482f7682bf</UID>
				<UID>94a3f6a2-2652-44bf-8b2e-c686cd64fbfd</UID>
				<UID>0e90da88-b13b-4d1b-8b4c-d4e221279cb6</UID>
				<UID>14ebbf47-a805-4e6a-8b70-1bb54bd5012a</UID>
				<UID>adc5c5cf-e4f2-425f-8d60-a39ca475ab2b</UID>
				<UID>9ef60498-44bf-42d6-8d79-6dfa0555392c</UID>
				<UID>82f58e4e-c995-4ec5-8e65-8ba089d9ce88</UID>
				<UID>7baec1e0-399d-4cb2-8ef5-6212d14d89f6</UID>
				<UID>eb6518f5-2074-413c-8f76-4b099eac00ca</UID>
				<UID>01eb38cb-0787-41f8-8f86-3ccd321b4b30</UID>
				<UID>bfbeb8a5-8e11-4579-8f8a-1b3b01fbe838</UID>
				<UID>d9ab375a-a321-499e-909f-a24f8adf67ce</UID>
				<UID>d1929c96-b89f-43ff-9106-5b97a3ca5aa2</UID>
				<UID>30e6086e-33e1-11e2-911c-00163e4bc2bf</UID>
				<UID>30e60871-33e1-11e2-911c-00163e4bc2bf</UID>
				<UID>d864c35f-ca7e-449c-9223-29830ba4c3e5</UID>
				<UID>c8934e2c-75d7-4b12-92e7-57aee3019b1a</UID>
				<UID>fe5c51c4-4537-4482-9388-ac45fd582aa3</UID>
				<UID>9c5e5b5f-e519-4a00-93d6-1c54b5dfdfaf</UID>
				<UID>cef1a6a6-454f-4716-9427-1339dc77d44a</UID>
				<UID>98cadf82-c858-4556-9456-d5716ad94503</UID>
				<UID>8b8fea06-a02a-42e3-947d-5080d00013b5</UID>
				<UID>ba64a41c-b094-40e6-9498-bf9901139479</UID>
				<UID>06f83626-adae-47db-94e4-3e0a51dc1b42</UID>
				<UID>496e73b1-c843-4caf-95c4-2c892a100e46</UID>
				<UID>70d0be60-d4ab-4d6f-960b-71524df0cbe4</UID>
				<UID>b49153ec-5105-48db-969b-04f6d3e40fbc</UID>
				<UID>cc35b2b6-389c-437d-96ad-5c8f4e6e1c86</UID>
				<UID>4af3cadb-a4cf-44c4-96c1-02a062cf1a63</UID>
				<UID>da8b2300-3cbc-464c-96e1-577aa051da8f</UID>
				<UID>0e3903d1-42b4-4fc8-97e3-81300f577d97</UID>
				<UID>eef70658-c080-40ed-98d0-0db091b21646</UID>
				<UID>44aa2429-57e1-49b8-9990-db405edd9e72</UID>
				<UID>692cc2dd-1c53-426a-99d6-177acd69f085</UID>
				<UID>11d101aa-05e6-4534-9a03-eb83572b295d</UID>
				<UID>1f9196e0-5059-47d1-9b54-511485a81142</UID>
				<UID>90cccdf1-010d-43b1-9c5f-3971b74ed0da</UID>
				<UID>19aa11ef-6128-4b44-9c90-e6696bbdef4a</UID>
				<UID>27965434-7ed7-4f2c-9c9d-674a92bbb04e</UID>
				<UID>626f4503-e0ed-4392-9d47-2a98df0e567b</UID>
				<UID>00dc25b2-01ea-4f89-9dd0-2c5f482c57bc</UID>
				<UID>ed8f2539-3b35-4782-9e52-f3ca0e891279</UID>
				<UID>bb703ecf-1998-4ef3-9e6b-271d0d6863fa</UID>
				<UID>225910e9-6092-4678-9e6c-99c273899969</UID>
				<UID>e1168d64-85e9-412c-9e7d-24be934d34ff</UID>
				<UID>88641fa3-7eee-4ccc-9e96-4b5fbf161bbc</UID>
				<UID>97c1ad5b-b46e-4b88-9f9b-79c7dad9bbb5</UID>
				<UID>ba2ca7df-ba4d-47ad-9f9c-b7e599629ac7</UID>
				<UID>5da4ced8-3c40-46d1-9fab-c318481769e5</UID>
				<UID>1859ac4b-bbc2-4aa4-9fd0-1a9c6ae96fc8</UID>
				<UID>e34cc44f-2213-41f9-9fdd-0efd7689e104</UID>
				<UID>675fc9b7-34a4-43be-a111-2b0ec570b681</UID>
				<UID>f530ea44-3c52-4240-a226-0ecd82deda9b</UID>
				<UID>8e6c3a18-22fe-44c0-a26b-7773e4275ad7</UID>
				<UID>2309e8a2-0c3b-11e1-a327-406186c674ef</UID>
				<UID>b8e830aa-f691-487d-a364-6971e2c991a5</UID>
				<UID>81c3c8ee-444a-4e94-a395-cc5fe0d6afb9</UID>
				<UID>d63d426a-2348-47bc-a3a0-e3c8136d79ea</UID>
				<UID>24fdcf5c-dd9e-4eee-a670-1a8796d7b815</UID>
				<UID>81fddcbe-0a24-45ec-a698-ef067ee24a87</UID>
				<UID>edbe6181-beec-4784-a6f3-5fce9b0347fa</UID>
				<UID>b4f2ca50-78f4-4720-a701-a96ee7482e66</UID>
				<UID>61625537-00d9-44f4-a70d-20ac153dcc70</UID>
				<UID>30964d4a-9101-11e0-a80c-406186c674ef</UID>
				<UID>799e77ef-bf55-457e-a820-810c8074561d</UID>
				<UID>5a357aa9-20d4-47b2-a85f-800ad05dbdf9</UID>
				<UID>b66651ed-3151-42cf-a8e2-46ed35c65cf9</UID>
				<UID>a1120070-ffba-43d8-a924-c079e1da2e86</UID>
				<UID>4b7c35d8-441c-45ee-a97e-c943e94168b0</UID>
				<UID>2216b540-5aca-4d7d-a982-685838109168</UID>
				<UID>0f87c66c-395d-4edf-a99d-605e39dcd91e</UID>
				<UID>096cdce6-3c78-4881-aa52-2e9ba953dc9c</UID>
				<UID>b490a448-6b6a-49da-aa7c-ea9eb649a80e</UID>
				<UID>978e12eb-6625-4853-aa8f-2e6488eae027</UID>
				<UID>a92e961b-d290-46e5-ab90-34b688d0c5e4</UID>
				<UID>5811c465-5f02-4c72-ad44-b32c39c1dcf1</UID>
				<UID>d733c50e-9e8c-4b3f-ad58-db1667f4e0ed</UID>
				<UID>773062c9-573c-4c20-ad9f-4b2c45d30da5</UID>
				<UID>b2f9564d-5669-43cb-ae6a-e05f7b632fa3</UID>
				<UID>7efb8063-d9d6-42c4-b03b-bf318d4ae0c8</UID>
				<UID>2a5633a9-83b6-4f59-b076-0ae5b1d21e31</UID>
				<UID>62b14460-21e3-4a8e-b0f8-fb3b0a2068e9</UID>
				<UID>85684701-836d-4179-b196-ef157fc855ff</UID>
				<UID>e5312a6f-68b9-42b9-b302-75b7a160399b</UID>
				<UID>e924b32c-7501-4ccd-b31b-266107ee1389</UID>
				<UID>4dc3a02c-db70-44dd-b394-d7d880f3c67f</UID>
				<UID>bc512d2b-1b49-4396-b3a1-1bad3d075258</UID>
				<UID>f3c58f37-326c-4d30-b44e-6fdc2ac92b21</UID>
				<UID>31dd1d72-bd60-40fe-b46a-27f7a2fa2d75</UID>
				<UID>d060a79f-b10c-4800-b475-a95308781809</UID>
				<UID>1a268ff6-ba2b-4b43-b5c8-154bf81f7a51</UID>
				<UID>b61197d9-3454-4a7e-b614-c5c7ed6f0cd9</UID>
				<UID>366469b0-02a8-4a89-b628-500d2730122f</UID>
				<UID>04f61d16-d5dc-4f45-b637-550ae5d12562</UID>
				<UID>8ef1b003-f69e-40df-b687-297e988b3a0e</UID>
				<UID>0f3e9e27-4e7d-4e49-b69b-1f717be090cf</UID>
				<UID>eaa89da8-5fb0-4c2e-b748-c1d82dba365f</UID>
				<UID>dea08797-2a5d-4b96-b749-52c561c9adbc</UID>
				<UID>c6c50701-5a32-4913-b7e0-7a3958f009a2</UID>
				<UID>cd7fc215-a880-4710-b812-334e52bc6f93</UID>
				<UID>033ee6f4-7e5a-489b-b821-a3fb5ed0021f</UID>
				<UID>52633aa5-0312-4e38-b86f-da58d816cecc</UID>
				<UID>f306a6ab-70fc-4c1f-b89b-83f1e5eac87e</UID>
				<UID>6850277f-9bb9-42f4-b9c5-4dc1788a8068</UID>
				<UID>46058233-aa1d-49b0-ba4c-a77406df6c70</UID>
				<UID>502b4b34-22d4-4851-baf9-10829711eca1</UID>
				<UID>8c321e13-847a-4bee-bb3c-e8fd968d6be1</UID>
				<UID>5df510bc-349e-44e9-bb50-db33fa9b86e1</UID>
				<UID>2c9ac7f4-9dba-4525-bb5c-66c381e4062a</UID>
				<UID>db1abcdc-3823-4678-bd15-f16760e0e2b5</UID>
				<UID>e2454b27-6afb-406e-bd61-220c9b8abbad</UID>
				<UID>a62a1257-fc5a-4a4b-be2c-7dff30b7a8f3</UID>
				<UID>fe49787b-4784-4019-bee9-a9fa6fc27d1d</UID>
				<UID>d895d1d2-90b1-405e-bf78-728dff750261</UID>
			</Nomenclature>
		</Discounts>
	</Client>
</Clients>